set
foreign_key_checks = 0;

INSERT
ignore  `admin` (`iadmin`, `admin_Id`, `admin_password`,  `role`, `secret_key`) VALUES
(1, 'admin', '{bcrypt}$2a$10$JaMwQdbpjKN/BgycWDDRKurWqpA9WFufe42h1ToIIipI1TO5ztRWm','ROLE_ADMIN', NULL);

INSERT
ignore  `board` (`iboard`, `iadmin`, `ctnt`, `created_at`, `updated_at`, `importance`, `board_view`, `del_yn`, `title`) VALUES
(1, 1, 'dlddldldldldlld', '2023-07-21 16:40:22', '2023-08-02 17:40:43', 1, 2, 1, 'dlddldldldldlld'),
(2, 1, 'ㅁㄴㅇ', '2023-07-21 16:40:39', '2023-07-21 16:40:39', 0, 0, 1, 'ㅁㄴㅇ'),
(3, 1, 'ㅁㄴㅇ', '2023-07-21 16:41:19', '2023-07-21 16:41:19', 0, 0, 0, 'ㅁㄴㅇ'),
(4, 1, '저는 맞아야해요', '2023-07-21 16:43:23', '2023-07-21 16:43:23', 0, 0, 0, '저같은 놈은 맞아야해요'),
(5, 1, '저는 맞아야해요', '2023-07-21 16:44:48', '2023-07-21 16:44:48', 0, 0, 0, '저같은 놈은 맞아야해요'),
(6, 1, '저는 맞아야해요', '2023-07-21 16:46:18', '2023-07-21 16:46:18', 0, 0, 0, '저같은 놈은 맞아야해요'),
(7, 1, 'aaa', '2023-07-24 10:36:26', '2023-07-24 10:36:26', 0, 0, 0, 'aaaa'),
(8, 1, 'bbb', '2023-07-24 10:36:38', '2023-07-24 10:36:38', 0, 0, 0, 'bbb'),
(9, 1, 'nnn', '2023-07-24 10:36:44', '2023-07-24 10:36:44', 0, 0, 0, 'nnn'),
(10, 1, 'qqqq', '2023-07-24 10:36:50', '2023-07-24 10:36:50', 0, 0, 0, 'qqqqnnn'),
(11, 1, 'iiii', '2023-07-24 10:36:56', '2023-07-24 10:36:56', 1, 0, 0, 'iiii'),
(12, 1, 'bbbb', '2023-07-24 10:36:59', '2023-07-24 10:36:59', 1, 2, 0, 'bbbb'),
(13, 1, 'pppp', '2023-07-24 10:37:06', '2023-07-24 10:37:06', 0, 4, 0, 'pppp'),
(14, 1, 'nnnqqq', '2023-07-24 10:37:14', '2023-07-24 10:37:14', 0, 0, 0, 'tttt'),
(15, 1, 'yyyyy', '2023-07-24 10:37:17', '2023-07-24 10:37:17', 0, 12, 0, 'yyyy'),
(16, 1, 'aaddd', '2023-07-24 10:37:24', '2023-07-24 10:37:24', 0, 0, 1, 'ddddaa'),
(17, 1, 'uuuu', '2023-07-24 12:10:31', '2023-07-24 12:10:31', 0, 0, 0, 'uuuu'),
(18, 1, 'eee', '2023-07-24 12:10:37', '2023-07-24 12:10:37', 0, 0, 0, 'eee'),
(19, 1, 'zzz', '2023-07-24 12:10:41', '2023-07-24 12:10:41', 0, 0, 0, 'zzzz'),
(20, 1, '123', '2023-07-26 14:59:16', '2023-07-26 14:59:16', 0, 0, 0, '123'),
(21, 1, '123', '2023-07-26 15:02:54', '2023-07-26 15:02:54', 0, 0, 0, '456'),
(22, 1, 'qwe', '2023-08-03 15:12:33', '2023-08-03 15:12:33', 0, 0, 0, 'qwe'),
(23, 1, 'qwe', '2023-08-03 15:14:55', '2023-08-03 15:14:55', 0, 0, 0, 'qwe'),
(24, 1, 'qwe', '2023-08-03 15:16:00', '2023-08-03 15:16:00', 0, 0, 0, 'qwe'),
(25, 1, 'qwe', '2023-08-03 15:16:41', '2023-08-03 15:16:41', 0, 0, 0, 'qwe');


INSERT
ignore  `board_pic` (`ipic`, `iboard`, `pic`) VALUES
(1, 24, '460dcb0e-f349-46bf-a8f7-6fb8d93c897b.png'),
(2, 24, 'e2283de2-03ac-4435-a190-2e3ffe22bff2.png');








INSERT
ignore  `lecture_name` (`ilecture_name`, `lecture_name`, `score`, `del_yn`) VALUES
(1, '물리1', 1, 0),
(17, '물리학1', 1, 0),
(18, '수학1', 1, 0),
(19, '고급 화학', 2, 0),
(20, '화학 실험', 2, 0),
(21, '정보 과학', 3, 0),
(22, '프로그래밍', 3, 0),
(23, '융합과학탐구', 3, 0),
(24, '기하', 1, 0),
(25, '확학1', 1, 0),
(26, '확률과 통계', 1, 0),
(27, '디지털 논리 회로', 2, 0),
(28, '공학일반', 1, 0),
(29, '생활과 과학', 1, 0),
(30, '물리학실험', 1, 0),
(31, '로봇 지능 개발', 1, 0),
(47, 'IT건성기초역학', 3, 0),
(48, '미분적분학', 1, 0),
(49, '미분방적식', 1, 0),
(50, '일반물리학', 1, 0),
(51, '실용정산', 1, 0),
(52, '건축구조역학', 3, 0),
(53, '건축재료학', 3, 0),
(54, '전산구조해석', 3, 0),
(55, '건축전산학', 1, 0),
(56, '건축벌기계획', 1, 0),
(57, '건축설비계획', 2, 0),
(58, '건축토목갭스톤디자인', 1, 0),
(59, '건설IT', 1, 0),
(60, '서양건축사', 1, 0),
(61, '게임총론', 3, 0),
(62, '발상과표현', 1, 0),
(63, '웹콘텐츠제작기초', 1, 0),
(64, 'C프로그래밍', 1, 0),
(65, '게임개발기초', 1, 0),
(66, '게임그래픽1', 3, 0),
(67, '2D게임프로그래밍', 3, 0),
(68, 'C#프로그래밍', 3, 0),
(69, 'C++프로그래밍', 1, 0),
(70, '객체지향프로그래밍(JAVA)', 1, 0),
(71, '게임일러스트레이션', 2, 0),
(72, '신형대수학', 1, 0),
(73, '이산수학', 1, 0),
(74, '게임분석 및 기획', 1, 0),
(75, '게임수학', 1, 0),
(76, '웹프로그래밍', 1, 0),
(77, '유기화확실험', 3, 0),
(78, '물리화학실험', 1, 0),
(79, '분석화확', 1, 0),
(80, '무기화확', 1, 0),
(81, '화공양론', 1, 0),
(82, '일어1', 3, 0),
(83, '경제의이해', 3, 0),
(84, '현대물리학의세계', 3, 0),
(85, '물리학2', 1, 0),
(86, '실용영어', 1, 0),
(87, '공학화학실험', 2, 0),
(88, '나노재료설계', 1, 0),
(89, '고분자개론', 1, 0),
(90, '고분자화학', 1, 0),
(91, '공학기초설계', 1, 0),
(92, '유변학', 1, 0),
(93, '인성과 비판적 사고', 3, 0),
(94, '의사소통', 1, 0),
(95, '정보문해', 1, 0),
(96, '인간과문화', 1, 0),
(97, '사회와 역사', 1, 0),
(98, '자연과 과학', 3, 0),
(99, '미래융복합', 3, 0),
(100, '국제화', 3, 0),
(101, '진로와 취업', 1, 0),
(102, '예술과 체육', 1, 0),
(103, '생물학 및 실험', 2, 0),
(104, '일반생물학 및 실험', 1, 0),
(105, '도시와환경', 1, 0),
(106, '기초설계및실습', 1, 0),
(107, 'CAD', 1, 0),
(108, '공업역학', 1, 0),
(109, '교통공학론', 3, 0),
(110, '교통계획록', 1, 0),
(111, '도로공학', 1, 0),
(112, '교총계량분석', 1, 0),
(113, '교통류이론', 1, 0),
(114, '교통지리정보시스템', 3, 0),
(115, '교통빅데이터분석기초', 3, 0),
(116, '교통시설공학', 3, 0),
(117, '교통경제분석', 1, 0),
(118, '지구교통계획', 1, 0),
(119, '대중교통', 2, 0),
(120, '교통수요분석', 1, 0),
(121, '교통용량분석', 1, 0),
(122, '포장설계', 1, 0),
(123, '지속가능교통', 1, 0),
(124, '철도공학', 1, 0),
(125, '군사법규개론', 3, 0),
(126, '미래국방과학기술과무기체계', 1, 0),
(127, '탄야구조및병기구조학', 1, 0),
(128, '군경영학의이해', 1, 0),
(129, 'EZ기초수학', 1, 0),
(130, '기화강학특론', 3, 0),
(131, '나노광학', 3, 0),
(132, '디자인 매니지먼트', 3, 0),
(133, '금형재료특론', 1, 0),
(134, '금형제작특론', 1, 0),
(135, '역설계공학톡론', 2, 0),
(136, '조명공학', 1, 0),
(137, '반도체레이져', 1, 0),
(138, '전산광학', 1, 0),
(139, '산업디자인', 1, 0),
(140, '최적설계', 1, 0);



INSERT
ignore  `lecture_room` (`ilecture_room`, `lecture_room_name`, `building_name`, `max_capacity`, `del_yn`) VALUES
(1, '502호', '백매관', 30, 0),
(2, '503호', '백매관', 30, 0),
(3, '504호', '백매관', 30, 0),
(4, '505호', '백매관', 30, 0),
(5, '506호', '백매관', 30, 0);








INSERT IGNORE `major`
(`imajor`, `major_name`, `graduation_score`, `del_yn`, `remarks`)
VALUES (1, 'q과', 120, 1, '구 ㅇㅇ'),
       (2, '건축공학과', 120, 1, ' '),
       (3, '무과과과과', 115, 1, '무과과과과'),
       (4, '무과', 125, 1, '고분자공학과'),
       (5, '무과과', 130, 0, '건축설비과'),
       (6, '안하이과', 132, 0, '구 하이과'),
       (7, '건설정보과', 125, 0, ' '),
       (8, '건축과', 120, 1, ' '),
       (9, '건축학과', 130, 1, ' '),
       (10, '게임콘텐츠과', 130, 1, ' '),
       (11, '공업화학과', 125, 0, ' '),
       (12, '교양공학부', 130, 0, ' '),
       (13, '교통공학과', 120, 0, ' '),
       (14, '국방기술학과', 140, 0, ' '),
       (15, '금형설계과', 136, 0, ' '),
       (16, '기계과', 130, 0, ' '),
       (17, '기계설계과', 140, 0, ' '),
       (18, '냉동공조공학과', 120, 0, ' '),
       (19, '국방기술과', 126, 0, ' '),
       (20, '금속공학과', 130, 0, ' '),
       (21, '기계공학과', 135, 0, ' '),
       (22, '기계설계공학과', 135, 0, ' '),
       (23, '나노공학과', 140, 0, ' '),
       (24, '도시건설과', 130, 0, ' '),
       (25, '도시공학과', 130, 0, ' '),
       (26, '디지털콘텐츠학과', 135, 0, ' '),
       (27, '로봇공학과', 125, 0, ' '),
       (28, '멀티미디어과', 120, 0, ' '),
       (29, '멀티미디어학과', 125, 0, ' '),
       (30, '시스템공학과', 130, 0, ' '),
       (31, '스마트폰과', 135, 0, ' '),
       (32, '시스템경영공학과', 135, 0, ' '),
       (33, '신소재공학과', 120, 0, ' '),
       (34, '전기과', 120, 0, ' '),
       (35, '자동차공학과', 130, 0, ' '),
       (36, '전자과', 140, 0, ' '),
       (37, '조선공학과', 130, 0, ' '),
       (38, '컴퓨터공학과', 130, 0, ' '),
       (39, '소프트웨어공학과', 135, 0, ' '),
       (40, '토목과', 135, 0, ' '),
       (41, '항공정비과', 140, 0, ' '),
       (42, '항해학과', 130, 0, ' '),
       (43, '화장품과', 130, 0, ' '),
       (44, '화학공업과', 130, 0, ' '),
       (45, '환경화학과', 130, 0, ' '),
       (46, '원자력공학과', 140, 0, ' '),
       (47, '안경광학과', 120, 0, ' '),
       (48, '인터넷정보과', 120, 0, ' '),
       (49, '재료공학과', 120, 0, ' '),
       (50, '조경과', 130, 0, ' ');

INSERT
ignore  `professor` (`iprofessor`, `imajor`, `professor_password`, `nm`, `gender`, `pic`, `birthdate`, `phone`, `email`, `address`, `created_at`, `updated_at`, `del_yn`, `role`, `secret_key`) VALUES
(100007, 2, '{bcrypt}$2a$10$8Qr6J57BbEcsmEfpNjdkZeKFEkmI8hfbBZqewQ7ey30fAqAyHcvby', 'sㅇㄴㅁ', 'F', '1442ae49-1579-4242-bd4c-682b4d0925f4.png', '2023-07-21', '010-9999-8888', 'pppp@naver.com', '대구 어딘가', '2023-07-21 16:59:53', '2023-08-04 10:56:27', 0, 'ROLE_PROFESSOR', NULL),
(100009, 14, 'ae2c9bf215760b887504c847bf9b8dfa0e63dcb970f097e167df2695f8791fad', 'sㅇㄴㅁ', 'F', NULL, '2023-07-21', '010-123-456', 'dlsioz@naver.com', '아앙', '2023-07-21 17:00:13', '2023-07-21 17:00:13', 0, 'ROLE_PROFESSOR', NULL),
(100011, 23, 'ae2c9bf215760b887504c847bf9b8dfa0e63dcb970f097e167df2695f8791fad', '배성현', 'F', NULL, '2023-07-21', '010-4567-4561', 'zlal@naver.com', '마마아', '2023-07-21 17:00:47', '2023-07-21 17:00:47', 0, 'ROLE_PROFESSOR', 'GMQWAUCRTRICGQ2MKS6ZRUHTYXXKTKF7'),
(100021, 4, 'ae2c9bf215760b887504c847bf9b8dfa0e63dcb970f097e167df2695f8791fad', '배성현', 'F', NULL, '2023-07-21', '010-4567-4561', 'qwedfucv@nate.com', '마마아', '2023-07-21 17:05:22', '2023-07-21 17:05:22', 0, 'ROLE_PROFESSOR', NULL),
(100023, 13, 'ae2c9bf215760b887504c847bf9b8dfa0e63dcb970f097e167df2695f8791fad', '배성현', 'F', NULL, '2023-07-21', '010-4567-4561', 'qqqqqwedfucv@nate.com', '마마아', '2023-07-21 17:27:57', '2023-07-21 17:27:57', 0, 'ROLE_PROFESSOR', NULL),
(100024, 3, '9a3055e77a59b5bf54d2ad6c88e0c0e7e847da52c9facb491f1a7cd820611138', '배성현', 'F', NULL, '2023-07-21', '010-1111-3333', 'skqi@mama.com', '대구시 광장', '2023-07-21 17:29:24', '2023-08-03 19:09:27', 0, 'ROLE_PROFESSOR', NULL),
(100025, 10, 'f386b4b4b1a401723ba3e27aadd18db642a1dbc07337dd7e3f8f2e21768abf75', '김보경', 'F', NULL, '1993-07-22', '010-4677-2584', 'bokki13@gmail.com', '어디한번찾아보시지', '2023-07-22 14:03:10', '2023-07-22 14:03:10', 0, 'ROLE_PROFESSOR', NULL),
(100026, 15, 'f386b4b4b1a401723ba3e27aadd18db642a1dbc07337dd7e3f8f2e21768abf75', '현보경', 'F', NULL, '1993-07-22', '010-4677-2584', 'bokki123@gmail.com', '어디한번찾아보시지', '2023-07-22 14:05:15', '2023-07-22 14:05:15', 0, 'ROLE_PROFESSOR', NULL),
(100027, 8, '65f5450b98a689b6ca662c53e394eb27872c62f207104bae90bb0c8fb86eb69c', '배성현', 'F', 'professor/100027/a535de38-7cd8-4bf5-b06e-9b6a45e47e4e.jpg', '2023-07-24', '1454-567-78', 'zkai@na.com', '사울', '2023-07-24 09:46:05', '2023-07-24 09:46:05', 0, 'ROLE_PROFESSOR', NULL),
(100028, 50, '65f5450b98a689b6ca662c53e394eb27872c62f207104bae90bb0c8fb86eb69c', '김재경', 'F', NULL, '2023-07-24', '010-5800-0768', 'worud2312@Qwe', 'eorn', '2023-07-24 11:06:52', '2023-07-24 11:06:52', 0, 'ROLE_PROFESSOR', NULL),
(100029, 20, '65f5450b98a689b6ca662c53e394eb27872c62f207104bae90bb0c8fb86eb69c', '김재경', 'F', 'professor/100029/1bfa7e0b-a95e-4eec-9ad1-31e69f948a83.jpg', '2023-07-24', '010-5800-0768', 'orud2312@Qwe', 'eorn', '2023-07-24 11:07:00', '2023-07-24 11:07:00', 0, 'ROLE_PROFESSOR', NULL),
(100030, 11, '65f5450b98a689b6ca662c53e394eb27872c62f207104bae90bb0c8fb86eb69c', '김재경', 'F', 'professor/100030/1fe55448-60af-4fa3-ac10-cc74026564a2.jpg', '2023-07-24', '010-5800-0768', '1rud2312@Qwe', 'eorn', '2023-07-24 11:07:03', '2023-07-24 11:07:03', 0, 'ROLE_PROFESSOR', NULL),
(100032, 1, '{bcrypt}$2a$10$oxHKEWzcROK5BG1.Mw74j.Ui6grDPsYeDrxuGNVVL.c7a5CKg2qDi', '남규진', 'M', NULL, '1999-07-17', '010-1235-7895', 'worud1556@naver.com', '경산 어딘가', '2023-08-02 17:29:52', '2023-08-02 17:29:52', 0, 'ROLE_PROFESSOR', 'GYNTWVC6K7SHHFN47N73WMHXFUG3SJ2O'),
(100033, 9, '{bcrypt}$2a$10$5Wk4Z.5qevUTaQQuNu5QZuc/iWQl6hncMgTKQQAGNK42AxUjYrA8m', '호호씨', 'F', NULL, '2023-08-04', '010-3388-8877', '', '', '2023-08-04 15:40:46', '2023-08-04 15:40:46', 0, 'ROLE_PROFESSOR', NULL),
(100040, 1, '{bcrypt}$2a$10$gv6m69mjj8wFs8SJ.xV6jOwI.akSPr2bxcRheEW.4Ia0MgLDrMSNm', '김교수', 'M', NULL, '1996-09-23', '010-1010-1010', NULL, NULL, '2023-08-04 16:50:53', '2023-08-04 16:50:53', 0, 'ROLE_PROFESSOR', '2FEBFWL7CW6SAUFWNYAPTC7Y6RQDQKPV'),
(100041, 1, '{bcrypt}$2a$10$okK7kh8vkqoOtBSiXHsp5u7V8yEpzvqCdpFYld3sBXMLxXAk47eZO', '박교수', 'F', NULL, '1996-09-23', '010-1213-2131', NULL, NULL, '2023-08-04 16:55:08', '2023-08-04 16:55:08', 0, 'ROLE_PROFESSOR', '3ZRABGUJMLLT5BBKB3WT2XENHFXH5KMT'),
(100042, 2, '{bcrypt}$2a$10$mKGYzEPI5HVNowQn1.Yx1Ou3IM0Km/43eQwZUQy4Sj1mK/8mboocW', '김교수', 'F', NULL, '1991-11-11', '010-1010-1010', NULL, NULL, '2023-08-04 18:19:06', '2023-08-04 18:19:06', 0, 'ROLE_PROFESSOR', NULL),
(100043, 1, '{bcrypt}$2a$10$HpF0vrJRxo8G3E7lZzZ1.OWLVq3dUmhyRr6aKAtbQaGCpwOh294VG', '박도흠', 'M', NULL, '1980-10-10', '010-0000-0000', NULL, NULL, '2023-08-04 18:26:12', '2023-08-04 18:26:12', 0, 'ROLE_PROFESSOR', NULL),
(100044, 1, '{bcrypt}$2a$10$.Gf.Dal7V9vX62ubQUAwre8Ri6UAe/mwW740NrshX31f2Aza8hA2W', '안녕하세요', 'M', NULL, '1999-12-12', '010-1010-1010', NULL, NULL, '2023-08-04 19:14:00', '2023-08-04 19:14:00', 0, 'ROLE_PROFESSOR', NULL),
(100045, 1, '{bcrypt}$2a$10$SBNGOdIjxnh41zJfjrsb5uW0ZYdoK7m4UPRCtXh.ALfOwsjVX.ZGG', '교수교수', 'M', NULL, '1996-11-11', '010-1010-1010', 'aer1242@naver.com', NULL, '2023-08-04 19:48:02', '2023-08-04 19:48:02', 0, 'ROLE_PROFESSOR', 'GVNT2IMR4NFHQTOWYFACCD6EBAFACH75');





INSERT
ignore  `student` ( `student_num`, `student_password`, `imajor`, `grade`, `nm`, `gender`, `pic`, `birthdate`, `phone`, `email`, `address`, `finished_yn`, `created_at`, `updated_at`, `del_yn`, `role`, `secret_key`) VALUES
( 23100001, '{bcrypt}$2a$10$aBwAsRU/ASrd68/qO8YiXeFDmPEhGCCikXC7jghzqoAbjYzxHJqXa', 10, 4, '재경킴', 'F', 'b9f4aa36-bc02-44b4-a6d5-931413b7e51b.jpg', '2023-07-21', '010-5555-7777', 'dkai@namve.com', '대구어딘', 2, '2022-07-21 17:00:14', '2023-08-04 11:37:32', 0, 'ROLE_STUDENT', '6TSLUM2XW65ZCHMG77SVIUUIW36C73YB')
,( 23100002, '{bcrypt}$2a$10$aBwAsRU/ASrd68/qO8YiXeFDmPEhGCCikXC7jghzqoAbjYzxHJqXa', 10, 4, '진혁구', 'F', 'b9f4aa36-bc02-44b4-a6d5-931413b7e51b.jpg', '2023-07-21', '010-5555-7777', 'dkai2@namve.com', '대구어딘', 2, '2023-07-21 17:00:14', '2023-08-04 11:37:32', 0, 'ROLE_STUDENT', '6TSLUM2XW65ZCHMG77SVIUUIW36C73YB')
,( 23100003, '{bcrypt}$2a$10$aBwAsRU/ASrd68/qO8YiXeFDmPEhGCCikXC7jghzqoAbjYzxHJqXa', 20, 4, '성현배', 'F', 'b9f4aa36-bc02-44b4-a6d5-931413b7e51b.jpg', '2023-07-21', '010-5555-7777', 'dka3@namve.com', '대구어딘', 2, '2023-07-21 17:00:14', '2023-08-04 11:37:32', 0, 'ROLE_STUDENT', '6TSLUM2XW65ZCHMG77SVIUUIW36C73YB')

